Locality Type,Locality Name,Population,Service Category,Service,Locality Decision,Source
County,Albemarle County,"109,722",Budget & Finance,Change to Property Tax,Business Tangible Personal Property/Machinery/Tools Tax Return extended to June 1; Deadline for paying those taxes now June 30,http://www.albemarle.org/navpages.asp?info=business23
County,Albemarle County,"109,722",Budget & Finance,Change to Real Estate Tax,Deadline to apply to renew Real Estate Tax Relief for 2020 now May 26,https://www.albemarle.org/navpages.asp?info=release&ID=24641
County,Albemarle County,"109,722",Governance,Council/Board of Supervisors,Yes: Virtual,https://www.albemarle.org/navpages.asp?info=release&ID=24641
County,Albemarle County,"109,722",Governance,Other Boards/Commissions,Cancelled,https://www.albemarle.org/navpages.asp?info=release&ID=24641
County,Albemarle County,"109,722",Human Resources ,Tele-working Policy for C-19,Yes,https://www.albemarle.org/navpages.asp?info=release&ID=24641
County,Albemarle County,"109,722",Operations ,In-Person Meetings,None,https://www.albemarle.org/navpages.asp?info=release&ID=24641
County,Albemarle County,"109,722",Operations ,Libraries,Closed until further notice,https://www.albemarle.org/navpages.asp?info=release&ID=24641
County,Albemarle County,"109,722",Operations ,Municipal Building Open,Closed to public until further notice,https://www.albemarle.org/navpages.asp?info=release&ID=24641
County,Albemarle County,"109,722",Operations ,Office Hours,Closed to public until further notice,https://www.albemarle.org/navpages.asp?info=release&ID=24641
County,Albemarle County,"109,722",Operations ,Parks & Recreation,"All county parks are open; playgrounds, courts, shelters, and facilities are closed; Sugar Hollow Resrvior recreational area is closed",https://www.albemarle.org/navpages.asp?info=release&ID=24641
County,Albemarle County,"109,722",Operations ,Public Transportation,Limited service; CAT is fare free,https://www.albemarle.org/navpages.asp?info=release&ID=24641
County,Albemarle County,"109,722",Operations ,Utilities,Suspension of disconnections,https://www.albemarle.org/navpages.asp?info=release&ID=24641
County,Albemarle County,"109,722",Operations ,Virtual Meetings,Yes,https://www.albemarle.org/navpages.asp?info=release&ID=24641
County,Albemarle County,"109,722",Planning & Zoning,"Temporary Permits for signage, etc.","Community Development office open Monday, Wednesdays and Fridays, inspections will continue during normal operating hours",https://www.albemarle.org/navpages.asp?info=release&ID=24642
City,Alexandria,"159,152",Budget & Finance,Change to Lodging Tax,Moratorium on penalties and interest; extension until June 30 to file,https://www.alexandriava.gov/Coronavirus
City,Alexandria,"159,152",Budget & Finance,Change to Meals Tax,Moratorium on penalties and interest; extension until June 30 to file,https://www.alexandriava.gov/Coronavirus
City,Alexandria,"159,152",Budget & Finance,Change to Parking Meters,Suspended enforcement of weekend time and meter fees,https://health.arlingtonva.us/covid-19-coronavirus-updates/
City,Alexandria,"159,152",Budget & Finance,Change to Property Tax,Extension to file for business personal property taxes,https://www.alexandriava.gov/Coronavirus
City,Alexandria,"159,152",Governance,Council/Board of Supervisors,"Yes, virtual options available",https://www.alexandriava.gov/Coronavirus
City,Alexandria,"159,152",Governance,Other Boards/Commissions,Non essential meetings are cancelled,https://www.alexandriava.gov/Coronavirus
City,Alexandria,"159,152",Human Resources ,Tele-working Policy for C-19,Yes,https://www.alexandriava.gov/Coronavirus
City,Alexandria,"159,152",Operations ,In-Person Meetings,No,https://www.alexandriava.gov/Coronavirus
City,Alexandria,"159,152",Operations ,Libraries,All locations closed until 3/31,https://www.alexandriava.gov/Coronavirus
City,Alexandria,"159,152",Operations ,Municipal Building Open,Closed to public until further notice,https://www.alexandriava.gov/Coronavirus
City,Alexandria,"159,152",Operations ,Office Hours,Closed to public until further notice; by appointment only,https://www.alexandriava.gov/Coronavirus
City,Alexandria,"159,152",Operations ,Parks & Recreation,"Unfenced parks, trails, and fields are open; All buildings, playgrounds, fenced fields, dog parks, courts, restrooms and parking lots are closed",https://www.alexandriava.gov/Coronavirus
City,Alexandria,"159,152",Operations ,Public Transportation,DASH operating on Enhanced Sunday Operating Plan; fare collection suspended; Some WMATA stations are closed; King Street Trolley service discontinued,https://www.alexandriava.gov/Coronavirus
City,Alexandria,"159,152",Operations ,Trash/Recycling Collection,Trash/Recycling operating as normal; suspending yard waste and bulk material collection; Household Hazardous Waste and Electronics Collection Center is closed ,https://www.alexandriava.gov/Coronavirus
City,Alexandria,"159,152",Operations ,Utilities,Suspension of disconnections and waiving late fees,https://www.alexandriava.gov/Coronavirus
City,Alexandria,"159,152",Operations ,Virtual Meetings,Yes,https://www.alexandriava.gov/Coronavirus
City,Alexandria,"159,152",Small Business/ED,Off Premise Alcohol Sales,Suspended enforcement of local restrictions on off premises alcohol sales and delivery,https://www.alexandriava.gov/Coronavirus
City,Alexandria,"159,152",Small Business/ED,Parking Changes,"Suspended enforcement of: time restrictions in residential, prohibition of 72 hour maximum, weekend time and meter fees, requirement to display valid insepction sticker ",https://www.alexandriava.gov/Coronavirus
County,Arlington County,"242,152",Budget & Finance,Change to Lodging Tax,No penalty or interest on taxes due b/w 3/13 and 4/30,https://health.arlingtonva.us/covid-19-coronavirus-updates/
County,Arlington County,"242,152",Budget & Finance,Change to Meals Tax,No penalty or interest on taxes due b/w 3/13 and 4/30,https://health.arlingtonva.us/covid-19-coronavirus-updates/
County,Arlington County,"242,152",Budget & Finance,Change to Parking Meters,Free short-term curbside parking outside businesses,https://health.arlingtonva.us/covid-19-coronavirus-updates/
County,Arlington County,"242,152",Governance,Council/Board of Supervisors,"Yes, virtual",https://health.arlingtonva.us/covid-19-coronavirus-updates/
County,Arlington County,"242,152",Governance,Other Boards/Commissions,Cancelled/Postponed,https://health.arlingtonva.us/covid-19-coronavirus-updates/
County,Arlington County,"242,152",Human Resources ,Tele-working Policy for C-19,Yes,https://health.arlingtonva.us/covid-19-coronavirus-updates/
County,Arlington County,"242,152",Operations ,In-Person Meetings,Yes,https://health.arlingtonva.us/covid-19-coronavirus-updates/
County,Arlington County,"242,152",Operations ,Libraries,Closed until further notice,https://health.arlingtonva.us/covid-19-coronavirus-updates/
County,Arlington County,"242,152",Operations ,Municipal Building Open,Open in limited capacity,https://health.arlingtonva.us/covid-19-coronavirus-updates/
County,Arlington County,"242,152",Operations ,Office Hours,Open in limited capacity,https://health.arlingtonva.us/covid-19-coronavirus-updates/
County,Arlington County,"242,152",Operations ,Parks & Recreation,Trails are open; All parks and facilities are closed,https://health.arlingtonva.us/covid-19-coronavirus-updates/
County,Arlington County,"242,152",Operations ,Public Transportation,ART operating reduced service without fare collection; Some WMATA stations are closed,https://health.arlingtonva.us/covid-19-coronavirus-updates/
County,Arlington County,"242,152",Operations ,Trash/Recycling Collection,Regular collection services operating as normal; bulk trash collection suspended,https://health.arlingtonva.us/covid-19-coronavirus-updates/
County,Arlington County,"242,152",Operations ,Utilities,Suspension of disconnections,https://health.arlingtonva.us/covid-19-coronavirus-updates/
County,Arlington County,"242,152",Operations ,Virtual Meetings,Yes,https://health.arlingtonva.us/covid-19-coronavirus-updates/
County,Arlington County,"242,152",Planning & Zoning,"Temporary Permits for signage, etc.",Virtual inspections only; online permitting only,https://health.arlingtonva.us/covid-19-coronavirus-updates/
County,Arlington County,"242,152",Small Business/ED,Parking Changes,Free short-term curbside parking outside businesses; Residential Parking Permit enforcement has been suspended,https://health.arlingtonva.us/covid-19-coronavirus-updates/
Town,Blacksburg,"44,563",Governance,Council/Board of Supervisors,"Yes, closed to public; public comment options available",https://www.blacksburg.gov/residents/public-health-and-safety/modified-town-services-and-operations
Town,Blacksburg,"44,563",Governance,Other Boards/Commissions,Cancelled,https://www.blacksburg.gov/residents/public-health-and-safety/modified-town-services-and-operations
Town,Blacksburg,"44,563",Operations ,In-Person Meetings,"Yes, limited",https://www.blacksburg.gov/residents/public-health-and-safety/modified-town-services-and-operations
Town,Blacksburg,"44,563",Operations ,Libraries,Closed until further notice,https://www.blacksburg.gov/residents/public-health-and-safety/modified-town-services-and-operations
Town,Blacksburg,"44,563",Operations ,Municipal Building Open,Closed to public until further notice,https://www.blacksburg.gov/residents/public-health-and-safety/modified-town-services-and-operations
Town,Blacksburg,"44,563",Operations ,Office Hours,Closed to public until further notice,https://www.blacksburg.gov/residents/public-health-and-safety/modified-town-services-and-operations
Town,Blacksburg,"44,563",Operations ,Parks & Recreation,"Trails and parks are open; Playgrounds, restrooms, basketball courts, community center and aquatic center are closed",https://www.blacksburg.gov/residents/public-health-and-safety/modified-town-services-and-operations
Town,Blacksburg,"44,563",Operations ,Public Transportation,Operating on a modified schedule; Commuter & Explorer routes suspended; fare collection suspended; rear door boarding; passenger limits enforced,https://www.blacksburg.gov/residents/public-health-and-safety/modified-town-services-and-operations
Town,Blacksburg,"44,563",Operations ,Trash/Recycling Collection,Operating as normal,https://www.blacksburg.gov/residents/public-health-and-safety/modified-town-services-and-operations
Town,Blacksburg,"44,563",Operations ,Utilities,Suspension of disconnections,https://www.blacksburg.gov/residents/public-health-and-safety/modified-town-services-and-operations
Town,Blacksburg,"44,563",Operations ,Virtual Meetings,Yes,https://www.blacksburg.gov/residents/public-health-and-safety/modified-town-services-and-operations
Town,Blacksburg,"44,563",Planning & Zoning,"Temporary Permits for signage, etc.","No in person meetings, plans may be submitted online or in person with prior arrangement ",https://www.blacksburg.gov/residents/public-health-and-safety/modified-town-services-and-operations
City,Charlottesville,"49,181",Budget & Finance,Change to Lodging Tax,Suspended past due penalty and interest until May 31,
City,Charlottesville,"49,181",Budget & Finance,Change to Meals Tax,Suspended past due penalty and interest until May 31,
City,Charlottesville,"49,181",Budget & Finance,Change to Property Tax,Suspended collection action related to past due taxes; personal property tax supplement now due 4/17,
City,Charlottesville,"49,181",Governance,Council/Board of Supervisors,"Yes, virtual",https://www.charlottesville.org/departments-and-services/departments-a-g/city-manager-s-office/communications/city-hall-updates-related-to-the-coronavirus-covid-19
City,Charlottesville,"49,181",Governance,Other Boards/Commissions,Virtual/Cancelled,https://www.charlottesville.org/departments-and-services/departments-a-g/city-manager-s-office/communications/city-hall-updates-related-to-the-coronavirus-covid-19
City,Charlottesville,"49,181",Operations ,In-Person Meetings,None,https://www.charlottesville.org/departments-and-services/departments-a-g/city-manager-s-office/communications/city-hall-updates-related-to-the-coronavirus-covid-19
City,Charlottesville,"49,181",Operations ,Libraries,Closed to public until further notice,https://www.charlottesville.org/departments-and-services/departments-a-g/city-manager-s-office/communications/city-hall-updates-related-to-the-coronavirus-covid-19
City,Charlottesville,"49,181",Operations ,Municipal Building Open,Closed to public until further notice,https://www.charlottesville.org/departments-and-services/departments-a-g/city-manager-s-office/communications/city-hall-updates-related-to-the-coronavirus-covid-19
City,Charlottesville,"49,181",Operations ,Office Hours,Closed to public until further notice,https://www.charlottesville.org/departments-and-services/departments-a-g/city-manager-s-office/communications/city-hall-updates-related-to-the-coronavirus-covid-19
City,Charlottesville,"49,181",Operations ,Parks & Recreation,"Parks and trails are open; playgrounds, tennis courts, basketball courts closed; parking areas at certain parks ae closed",https://www.charlottesville.org/departments-and-services/departments-a-g/city-manager-s-office/communications/city-hall-updates-related-to-the-coronavirus-covid-19
City,Charlottesville,"49,181",Operations ,Public Transportation,Operating Monday-Saturday on reduced schedule; fare collection suspended,
City,Charlottesville,"49,181",Operations ,Trash/Recycling Collection,Operating as normal; large item collection suspended,https://www.charlottesville.org/departments-and-services/departments-a-g/city-manager-s-office/communications/city-hall-updates-related-to-the-coronavirus-covid-19
City,Charlottesville,"49,181",Operations ,Virtual Meetings,Yes,https://www.charlottesville.org/departments-and-services/departments-a-g/city-manager-s-office/communications/city-hall-updates-related-to-the-coronavirus-covid-19
City,Charlottesville,"49,181",Small Business/ED,Parking Changes,Designated Grab and Go spaces desinated for delvery pickup,
County,Chesterfield County,"350,760",Budget & Finance,Change to Lodging Tax,Freeze on penalties and interest for 30 days after March 25,
County,Chesterfield County,"350,760",Governance,Council/Board of Supervisors,"Yes, with limited to public",https://www.chesterfield.gov/coronavirus
County,Chesterfield County,"350,760",Governance,Other Boards/Commissions,Cancelled,https://www.chesterfield.gov/coronavirus
County,Chesterfield County,"350,760",Human Resources ,Tele-working Policy for C-19,Yes,https://www.chesterfield.gov/coronavirus
County,Chesterfield County,"350,760",Operations ,In-Person Meetings,"Yes, limited",https://www.chesterfield.gov/coronavirus
County,Chesterfield County,"350,760",Operations ,Libraries,Closed until further notice,https://www.chesterfield.gov/coronavirus
County,Chesterfield County,"350,760",Operations ,Municipal Building Open,Closed to public until further notice; open for reduced operations until further notice,https://www.chesterfield.gov/coronavirus
County,Chesterfield County,"350,760",Operations ,Office Hours,Closed to public until further notice; by appointment only; open for reduced operations until further notice,https://www.chesterfield.gov/coronavirus
County,Chesterfield County,"350,760",Operations ,Parks & Recreation,"Parks and trails are open, all facilities including playgrounds, shelters, athletic courts and centers are closed; Goals, nets, and baskets have been removed",https://www.chesterfield.gov/coronavirus
County,Chesterfield County,"350,760",Operations ,Public Transportation,"Normal service, fare collection suspended",https://www.chesterfield.gov/coronavirus
County,Chesterfield County,"350,760",Operations ,Trash/Recycling Collection,Convenience centers operating as normal,https://www.chesterfield.gov/coronavirus
County,Chesterfield County,"350,760",Operations ,Utilities,Suspension of disconnections; freeze of late fees,https://www.chesterfield.gov/coronavirus
County,Chesterfield County,"350,760",Operations ,Virtual Meetings,Yes,https://www.chesterfield.gov/coronavirus
County,Chesterfield County,"350,760",Planning & Zoning,"Temporary Permits for signage, etc.","No new applications for zoning case, site plans, and subdivisions will be accepted until 4/6",
State,Commonwealth of Virginia,"8,540,000",Budget & Finance,Change to Sales Tax (State),Businesses can request to defer state sales tax payments due on 3/20/2020 for 30 days. Interest will accrue if extension is granted.  ,
State,Commonwealth of Virginia,"8,540,000",Human Resources ,Tele-working Policy for C-19,Liberal telework policies; activated Public Health Emergency Leave; all official travel outside Virginia halted,
State,Commonwealth of Virginia,"8,540,000",Operations ,Libraries,Library of Virginia closed through 4/30,
State,Commonwealth of Virginia,"8,540,000",Operations ,Municipal Building Open,Capitol and Pocahontas Building closed until 3/30/20,
State,Commonwealth of Virginia,"8,540,000",Operations ,Office Hours,"Limit Gatherings to 10 people, effective 3/24; Executive Order 53",
State,Commonwealth of Virginia,"8,540,000",Operations ,Parks & Recreation,All Virginia State Parks are open as of 3/23/20,
State,Commonwealth of Virginia,"8,540,000",Operations ,Virtual Meetings,Public bodies are not allowed to hold virtual meetings solely by electronic communication  (March 20 opinion by Attorney General),
State,Commonwealth of Virginia,"8,540,000",Small Business/ED,Off Premise Alcohol Sales,Off-premise privileges allowed for curbside pickup,
State,Commonwealth of Virginia,"8,540,000",Small Business/ED,Small Business Loans (related to COVID-19),"Small businesses and nonprofit organizations throughout the Commonwealth affected by the COVID-19 public health crisis can now apply for low-interest federal disaster loans of up to $2 million from the SBA to pay fixed debts, payroll, accounts payable, and other expenses.",
County,Fairfax County,"1,143,528",Budget & Finance,Change to Property Tax,One month extension to file vehicle personal property; And to file for Business Personal Property Tax,https://www.fairfaxcounty.gov/covid19/
County,Fairfax County,"1,143,528",Budget & Finance,Change to Real Estate Tax,One month extension of payment of first installment,https://www.fairfaxcounty.gov/covid19/
County,Fairfax County,"1,143,528",Governance,Council/Board of Supervisors,"Yes, closed to public; online stream available",https://www.fairfaxcounty.gov/covid19/
County,Fairfax County,"1,143,528",Governance,Other Boards/Commissions,Cancelled,https://www.fairfaxcounty.gov/covid19/
County,Fairfax County,"1,143,528",Human Resources ,Tele-working Policy for C-19,Yes,https://www.fairfaxcounty.gov/covid19/
County,Fairfax County,"1,143,528",Operations ,In-Person Meetings,Yes,https://www.fairfaxcounty.gov/covid19/
County,Fairfax County,"1,143,528",Operations ,Libraries,Closed until further notice; wife still accessible from parking lots,https://www.fairfaxcounty.gov/covid19/
County,Fairfax County,"1,143,528",Operations ,Municipal Building Open,Most county ogvernment buildings closed to public until further notice,https://www.fairfaxcounty.gov/covid19/
County,Fairfax County,"1,143,528",Operations ,Office Hours,Closed to public until further notice; limited in person service for County Courts and Office of Elections,https://www.fairfaxcounty.gov/covid19/
County,Fairfax County,"1,143,528",Operations ,Parks & Recreation,Trails are open; All parks and amenities are closed,https://www.fairfaxcounty.gov/covid19/
County,Fairfax County,"1,143,528",Operations ,Public Transportation,Normal schedule: fare collection suspended; rear door boarding; Some WMATA stations closed; Fairfax connector has altered route,https://www.fairfaxcounty.gov/covid19/
County,Fairfax County,"1,143,528",Operations ,Trash/Recycling Collection,No changes to weekly collection schedule; Disposal centers open normal hours; No yard waste pickup,https://www.fairfaxcounty.gov/covid19/
County,Fairfax County,"1,143,528",Operations ,Utilities,Suspension of disconnections,https://www.fairfaxcounty.gov/covid19/
County,Fairfax County,"1,143,528",Operations ,Virtual Meetings,Yes,https://www.fairfaxcounty.gov/covid19/
County,Fairfax County,"1,143,528",Planning & Zoning,"Temporary Permits for signage, etc.",All building permits and plans must be submitted electronically; permits and inspections will still be processed,https://www.fairfaxcounty.gov/covid19/
City,Hampton,"135,753",Governance,Council/Board of Supervisors,"Yes, virtual",https://hampton.gov/CivicAlerts.aspx?AID=4417
City,Hampton,"135,753",Governance,Other Boards/Commissions,Cancelled,https://hampton.gov/CivicAlerts.aspx?AID=4417
City,Hampton,"135,753",Human Resources ,Tele-working Policy for C-19,Yes,https://hampton.gov/CivicAlerts.aspx?AID=4417
City,Hampton,"135,753",Operations ,In-Person Meetings,None,https://hampton.gov/CivicAlerts.aspx?AID=4417
City,Hampton,"135,753",Operations ,Libraries,All locations are closed,https://hampton.gov/CivicAlerts.aspx?AID=4417
City,Hampton,"135,753",Operations ,Municipal Building Open,Closed to public until further notice,https://hampton.gov/CivicAlerts.aspx?AID=4417
City,Hampton,"135,753",Operations ,Office Hours,Closed to public until further notice,https://hampton.gov/CivicAlerts.aspx?AID=4417
City,Hampton,"135,753",Operations ,Parks & Recreation,"City beaches and outside parks remain open; All playgrounds, athletic courts and park buildings are closed; City beaches are closed for swimming and sunbathing",https://hampton.gov/CivicAlerts.aspx?AID=4417
City,Hampton,"135,753",Operations ,Public Transportation,"HRT operating on Essential Service Plan""; Many routes are suspended""",https://hampton.gov/CivicAlerts.aspx?AID=4417
City,Hampton,"135,753",Operations ,Trash/Recycling Collection,Operating as normal,https://hampton.gov/CivicAlerts.aspx?AID=4417
City,Hampton,"135,753",Operations ,Utilities,Suspension of disconnections,https://hampton.gov/CivicAlerts.aspx?AID=4417
City,Hampton,"135,753",Operations ,Virtual Meetings,Yes,https://hampton.gov/CivicAlerts.aspx?AID=4417
City,Hampton,"135,753",Planning & Zoning,"Temporary Permits for signage, etc.",Accepting online permit and inspection requests,https://hampton.gov/CivicAlerts.aspx?AID=4417
City,Harrisonburg,"53,997",Governance,Council/Board of Supervisors,Yes w/ social distancing,https://www.harrisonburgva.gov/novel-coronavirus
City,Harrisonburg,"53,997",Governance,Other Boards/Commissions,Yes w/ social distancing,https://www.harrisonburgva.gov/novel-coronavirus
City,Harrisonburg,"53,997",Operations ,In-Person Meetings,Yes w/ social distancing,https://www.harrisonburgva.gov/novel-coronavirus
City,Harrisonburg,"53,997",Operations ,Libraries,All locations closed until 3/31,https://www.harrisonburgva.gov/novel-coronavirus
City,Harrisonburg,"53,997",Operations ,Municipal Building Open,Closed to public; by appointment only,https://www.harrisonburgva.gov/novel-coronavirus
City,Harrisonburg,"53,997",Operations ,Office Hours,Closed to public; by appointment only,https://www.harrisonburgva.gov/novel-coronavirus
City,Harrisonburg,"53,997",Operations ,Parks & Recreation,Parks are open; all playgrounds and indoor facilities are closed,https://www.harrisonburgva.gov/novel-coronavirus
City,Harrisonburg,"53,997",Operations ,Public Transportation,"Bus/paratransit service operating as scheduled; except for routes servicing JMU (closed), fare collection suspended",https://www.harrisonburgva.gov/novel-coronavirus
City,Harrisonburg,"53,997",Operations ,Trash/Recycling Collection,Operating as normal; City Recycling Convenience Center is closed,https://www.harrisonburgva.gov/novel-coronavirus
City,Harrisonburg,"53,997",Operations ,Utilities,Suspension of disconnections,https://www.harrisonburgva.gov/novel-coronavirus
City,Harrisonburg,"53,997",Operations ,Virtual Meetings,Yes,https://www.harrisonburgva.gov/novel-coronavirus
City,Harrisonburg,"53,997",Planning & Zoning,"Temporary Permits for signage, etc.",Applications to be submitted online,https://www.harrisonburgva.gov/novel-coronavirus
City,Harrisonburg,"53,997",Small Business/ED,Small Business Loans (related to COVID-19),"The Harrisonburg Disaster Impact Loan Program will provide the interest free loans on a three-year term with no payments for 90 days after the loan funds are disbursed to the business. Businesses must have been established and operational in Harrisonburg for at least the previous six months, and eligible use of funds will include payroll, utilities, inventory and rent. Due to available funds, not all loans will be approved.",https://www.harrisonburgva.gov/novel-coronavirus
County,Henrico County,"328,999",Budget & Finance,Change to Lodging Tax,No penalties or interest through August,https://henrico.us/coronavirus/
County,Henrico County,"328,999",Budget & Finance,Change to Meals Tax,No penalties or interest through August,https://henrico.us/coronavirus/
County,Henrico County,"328,999",Budget & Finance,Change to Property Tax,No penalties or interest for 60 days after June 5 for residents and businesses,https://henrico.us/coronavirus/
County,Henrico County,"328,999",Budget & Finance,Change to Real Estate Tax,No penalties or interest for 60 days after June 5 for residents and businesses,https://henrico.us/coronavirus/
County,Henrico County,"328,999",Governance,Council/Board of Supervisors,"Yes, with limited to public",https://henrico.us/coronavirus/
County,Henrico County,"328,999",Governance,Other Boards/Commissions,Postponed,https://henrico.us/coronavirus/
County,Henrico County,"328,999",Human Resources ,Tele-working Policy for C-19,Yes,https://henrico.us/coronavirus/
County,Henrico County,"328,999",Operations ,In-Person Meetings,"Yes, limited",https://henrico.us/coronavirus/
County,Henrico County,"328,999",Operations ,Libraries,Closed until further notice,https://henrico.us/coronavirus/
County,Henrico County,"328,999",Operations ,Municipal Building Open,Closed to public until further notice,https://henrico.us/coronavirus/
County,Henrico County,"328,999",Operations ,Office Hours,Closed to public until further notice,https://henrico.us/coronavirus/
County,Henrico County,"328,999",Operations ,Parks & Recreation,"Parks and open spaces are open; Playgrouds, restrooms, shelters, dog parks, athletic courts and buildings are closed",https://henrico.us/coronavirus/
County,Henrico County,"328,999",Operations ,Public Transportation,"Normal service, fare collection suspended",https://henrico.us/coronavirus/
County,Henrico County,"328,999",Operations ,Trash/Recycling Collection,Landfills open with reduced hours,https://henrico.us/coronavirus/
County,Henrico County,"328,999",Operations ,Utilities,Suspension of disconnections; limited response for non-emergency needs,https://henrico.us/coronavirus/
County,Henrico County,"328,999",Operations ,Virtual Meetings,Yes,https://henrico.us/coronavirus/
County,Henrico County,"328,999",Planning & Zoning,"Temporary Permits for signage, etc.",Submit online or at dedicated drop stations; no fees are being collected; Remote review of plans; Inspections will continue with limited inspections in occupied structures,https://henrico.us/coronavirus/
Town,Leesburg,"54,215",Budget & Finance,Change to Parking Meters,"All street meters are free, 2 hour limit still applies",https://www.leesburgva.gov/residents/coronavirus-information
Town,Leesburg,"54,215",Governance,Council/Board of Supervisors,Yes,https://www.leesburgva.gov/residents/coronavirus-information
Town,Leesburg,"54,215",Governance,Other Boards/Commissions,Yes w/ some cancellations,https://www.leesburgva.gov/residents/coronavirus-information
Town,Leesburg,"54,215",Operations ,In-Person Meetings,"Yes, limited",https://www.leesburgva.gov/residents/coronavirus-information
Town,Leesburg,"54,215",Operations ,Libraries,Closed until further notice,https://www.leesburgva.gov/residents/coronavirus-information
Town,Leesburg,"54,215",Operations ,Municipal Building Open,Open,https://www.leesburgva.gov/residents/coronavirus-information
Town,Leesburg,"54,215",Operations ,Office Hours,Open,https://www.leesburgva.gov/residents/coronavirus-information
Town,Leesburg,"54,215",Operations ,Parks & Recreation,"Parks are open; all playgrounds, sports  courts, sports fields, skate parks, pavilions and dog parks are closed",https://www.leesburgva.gov/residents/coronavirus-information
Town,Leesburg,"54,215",Operations ,Public Transportation,Operating as normal,https://www.leesburgva.gov/residents/coronavirus-information
Town,Leesburg,"54,215",Operations ,Trash/Recycling Collection,Suspension of bulk item collection; other operations are normal,https://www.leesburgva.gov/residents/coronavirus-information
Town,Leesburg,"54,215",Operations ,Utilities,Suspension of disconnections,https://www.leesburgva.gov/residents/coronavirus-information
Town,Leesburg,"54,215",Operations ,Virtual Meetings,Yes,https://www.leesburgva.gov/residents/coronavirus-information
Town,Leesburg,"54,215",Planning & Zoning,"Temporary Permits for signage, etc.",Online processing of permits is now being offered,https://www.leesburgva.gov/residents/coronavirus-information
Town,Leesburg,"54,215",Small Business/ED,Parking Changes,All public lots and on-street meters are free; two hour time limits still apply,https://www.leesburgva.gov/residents/coronavirus-information
County,Loudoun County,"413,546",Budget & Finance,Change to Property Tax,"Extended deadline for payment to June 5, 2020",https://www.loudoun.gov/5321/County-Closures-Operating-Status
County,Loudoun County,"413,546",Governance,Council/Board of Supervisors,"Yes, with limited to public",https://www.loudoun.gov/5321/County-Closures-Operating-Status
County,Loudoun County,"413,546",Governance,Other Boards/Commissions,Cancelled,https://www.loudoun.gov/5321/County-Closures-Operating-Status
County,Loudoun County,"413,546",Human Resources ,Tele-working Policy for C-19,Yes,https://www.loudoun.gov/5321/County-Closures-Operating-Status
County,Loudoun County,"413,546",Operations ,In-Person Meetings,"Yes, limited",https://www.loudoun.gov/5321/County-Closures-Operating-Status
County,Loudoun County,"413,546",Operations ,Libraries,Closed until further notice,https://www.loudoun.gov/5321/County-Closures-Operating-Status
County,Loudoun County,"413,546",Operations ,Municipal Building Open,Closed to public until further notice; first floor open for drop-off/pick-up only,https://www.loudoun.gov/5321/County-Closures-Operating-Status
County,Loudoun County,"413,546",Operations ,Office Hours,Closed to public until further notice; by appointment only;  first floor open for drop-off/pick-up only,https://www.loudoun.gov/5321/County-Closures-Operating-Status
County,Loudoun County,"413,546",Operations ,Parks & Recreation,"Parks and trails are open; playgrounds, athletic fields, and athletic courts are closed",https://www.loudoun.gov/5321/County-Closures-Operating-Status
County,Loudoun County,"413,546",Operations ,Public Transportation,Service reductions of local fixed route service; Commuter bus service suspended,https://www.loudoun.gov/5321/County-Closures-Operating-Status
County,Loudoun County,"413,546",Operations ,Trash/Recycling Collection,Landfills operating as normal,https://www.loudoun.gov/5321/County-Closures-Operating-Status
County,Loudoun County,"413,546",Operations ,Utilities,Suspension of disconnections,https://www.loudoun.gov/5321/County-Closures-Operating-Status
County,Loudoun County,"413,546",Operations ,Virtual Meetings,"Yes, limited",https://www.loudoun.gov/5321/County-Closures-Operating-Status
County,Loudoun County,"413,546",Planning & Zoning,"Temporary Permits for signage, etc.",Applications are accepted at drop-off location; Meetings will be held remotely; review and inspections will continue,https://www.loudoun.gov/5321/County-Closures-Operating-Status
Town,Luray,"4,817",Operations ,Municipal Building Open,Closed to public effective 4/1,https://www.townofluray.com/assets/tol_info.pdf
Town,Luray,"4,817",Operations ,Office Hours,Closed to public effective 4/1,https://www.townofluray.com/assets/tol_info.pdf
Town,Luray,"4,817",Operations ,Parks & Recreation,"Parks are open; Restrooms, playgrounds, skatepark, and Lake Arrowhead beach are closed",https://www.townofluray.com/assets/tol_info.pdf
Town,Luray,"4,817",Operations ,Trash/Recycling Collection,Collection of recycling material is suspended as of 4/6,https://www.townofluray.com/assets/tol_info.pdf
City,Lynchburg,"82,126",Budget & Finance,Change to Lodging Tax,Deferred payment to May 20,https://www.lynchburgva.gov/news/local-information-updates
City,Lynchburg,"82,126",Budget & Finance,Change to Meals Tax,Deferred payment to May 20 ,https://www.lynchburgva.gov/news/local-information-updates
City,Lynchburg,"82,126",Budget & Finance,Change to Parking Meters,Enforcement waived,https://www.lynchburgva.gov/news/local-information-updates
City,Lynchburg,"82,126",Budget & Finance,Change to Property Tax,No change at this time ,https://www.lynchburgva.gov/news/local-information-updates
City,Lynchburg,"82,126",Budget & Finance,Change to Real Estate Tax,No change at this time,
City,Lynchburg,"82,126",Governance,Council/Board of Supervisors,"Meeting in person, socially distanced",https://www.lynchburgva.gov/news/local-information-updates
City,Lynchburg,"82,126",Governance,Other Boards/Commissions,Planning Commission is meeting; others are not,https://www.lynchburgva.gov/news/local-information-updates
City,Lynchburg,"82,126",Human Resources ,Tele-working Policy for C-19,"Yes, for anyone who can ",
City,Lynchburg,"82,126",Operations ,In-Person Meetings,Yes,https://www.lynchburgva.gov/news/local-information-updates
City,Lynchburg,"82,126",Operations ,Libraries,All locations are closed through June 10; Curbside service is cancelled,https://www.lynchburgva.gov/news/local-information-updates
City,Lynchburg,"82,126",Operations ,Municipal Building Open,Closed to the public effective 4/6,https://www.lynchburgva.gov/news/local-information-updates
City,Lynchburg,"82,126",Operations ,Parks & Recreation,"All parks and trails are open, restrooms are open, buildings and basketball courts are closed, classes cancelled, summer camps and aquatics on hold,  playgrounds open with warning signs; Programs cancelled until further notice ",https://www.lynchburgva.gov/news/local-information-updates
City,Lynchburg,"82,126",Operations ,Public Transportation,Reduced hours; 10 persons per bus; backup bus on call if needed,https://www.lynchburgva.gov/news/local-information-updates
City,Lynchburg,"82,126",Operations ,Trash/Recycling Collection,On schedule,https://www.lynchburgva.gov/news/local-information-updates
City,Lynchburg,"82,126",Operations ,Utilities,Regular service; Suspension of disconnections,https://www.lynchburgva.gov/news/local-information-updates
City,Lynchburg,"82,126",Operations ,Virtual Meetings,No,https://www.lynchburgva.gov/news/local-information-updates
City,Lynchburg,"82,126",Small Business/ED,Parking Changes,Enforcement waived ,https://www.lynchburgva.gov/news/local-information-updates
City,Norfolk,"245,054",Budget & Finance,Change to Lodging Tax,No penalties or interest,https://www.norfolk.gov/4859/Frequently-Asked-Questions
City,Norfolk,"245,054",Budget & Finance,Change to Meals Tax,No penalties or interest,https://www.norfolk.gov/4859/Frequently-Asked-Questions
City,Norfolk,"245,054",Budget & Finance,Change to Parking Meters,One hour free in metered spaces,https://www.norfolk.gov/4859/Frequently-Asked-Questions
City,Norfolk,"245,054",Budget & Finance,Change to Property Tax,Extension until Aug 1 to pay Business and Personal Property Tax,https://www.norfolk.gov/4859/Frequently-Asked-Questions
City,Norfolk,"245,054",Budget & Finance,Change to Real Estate Tax,Extension until Aug 1 to pay Real Estate Tax,https://www.norfolk.gov/4859/Frequently-Asked-Questions
City,Norfolk,"245,054",Governance,Council/Board of Supervisors,"Yes, w/ limited occupancy",https://www.norfolk.gov/4859/Frequently-Asked-Questions
City,Norfolk,"245,054",Governance,Other Boards/Commissions,Virtual or Cancelled,https://www.norfolk.gov/4859/Frequently-Asked-Questions
City,Norfolk,"245,054",Human Resources ,Tele-working Policy for C-19,Yes,https://www.norfolk.gov/4859/Frequently-Asked-Questions
City,Norfolk,"245,054",Operations ,In-Person Meetings,"Yes, limited",https://www.norfolk.gov/4859/Frequently-Asked-Questions
City,Norfolk,"245,054",Operations ,Libraries,All locations are closed; book drops remain available,https://www.norfolk.gov/4859/Frequently-Asked-Questions
City,Norfolk,"245,054",Operations ,Municipal Building Open,Closed to public until further notice,https://www.norfolk.gov/4859/Frequently-Asked-Questions
City,Norfolk,"245,054",Operations ,Office Hours,Closed to public until further notice,https://www.norfolk.gov/4859/Frequently-Asked-Questions
City,Norfolk,"245,054",Operations ,Parks & Recreation,"Dog parks, courts, playgrounds, soccer fields, small neighborhood and school parks are closed;  Beaches closed to all activities except fishing and exercise; Larger parks and boat ramps remain open",https://www.norfolk.gov/4859/Frequently-Asked-Questions
City,Norfolk,"245,054",Operations ,Public Transportation,"Operations limited under Essential Service Plan""""",https://www.norfolk.gov/4859/Frequently-Asked-Questions
City,Norfolk,"245,054",Operations ,Trash/Recycling Collection,Operating as normal; No bulk or yard waste pickup until April 13,https://www.norfolk.gov/4859/Frequently-Asked-Questions
City,Norfolk,"245,054",Operations ,Utilities,Suspension of disconnections,https://www.norfolk.gov/4859/Frequently-Asked-Questions
City,Norfolk,"245,054",Operations ,Virtual Meetings,Yes,https://www.norfolk.gov/4859/Frequently-Asked-Questions
City,Norfolk,"245,054",Planning & Zoning,"Temporary Permits for signage, etc.",Online permitting will occur but is delayed; onsite inspections are severely limited; property maintenance inspections will not occur; no code violations enforced,https://www.norfolk.gov/4859/Frequently-Asked-Questions
City,Norfolk,"245,054",Small Business/ED,Parking Changes,One hour free in metered spaces,https://www.norfolk.gov/4859/Frequently-Asked-Questions
County,Prince William County,"465,498",Budget & Finance,Change to Property Tax,Extended the Business Tangible Personal Property tax filing deadline by one month,https://emergency.pwcgov.org/agency-operational-status/
County,Prince William County,"465,498",Governance,Council/Board of Supervisors,Yes w/ some cancellations,https://emergency.pwcgov.org/agency-operational-status/
County,Prince William County,"465,498",Governance,Other Boards/Commissions,Cancelled,https://emergency.pwcgov.org/agency-operational-status/
County,Prince William County,"465,498",Human Resources ,Tele-working Policy for C-19,Yes,https://emergency.pwcgov.org/agency-operational-status/
County,Prince William County,"465,498",Operations ,In-Person Meetings,"Yes, limited",https://emergency.pwcgov.org/agency-operational-status/
County,Prince William County,"465,498",Operations ,Libraries,Closed until further notice,https://emergency.pwcgov.org/agency-operational-status/
County,Prince William County,"465,498",Operations ,Municipal Building Open,Closed to public until further notice,https://emergency.pwcgov.org/agency-operational-status/
County,Prince William County,"465,498",Operations ,Office Hours,Closed to public until further notice,https://emergency.pwcgov.org/agency-operational-status/
County,Prince William County,"465,498",Operations ,Parks & Recreation,"Parks open to trail use only; All recreation centers, fitness centers, and playgrounds are closed",https://emergency.pwcgov.org/agency-operational-status/
County,Prince William County,"465,498",Operations ,Public Transportation,"Reduced service, fare collection suspended on Local and Metro Express service",https://emergency.pwcgov.org/agency-operational-status/
County,Prince William County,"465,498",Operations ,Trash/Recycling Collection,Landfill accepting bagged household trash and recycling only,https://emergency.pwcgov.org/agency-operational-status/
County,Prince William County,"465,498",Operations ,Utilities,Suspension of disconnections,https://emergency.pwcgov.org/agency-operational-status/
County,Prince William County,"465,498",Operations ,Virtual Meetings,Yes,https://emergency.pwcgov.org/agency-operational-status/
County,Prince William County,"465,498",Planning & Zoning,"Temporary Permits for signage, etc.",Applications are accepted via drop-off or mail services; plan reviews and inspections will continue,https://emergency.pwcgov.org/agency-operational-status/
City,Richmond,"226,841",Governance,Council/Board of Supervisors,Yes,http://www.richmondgov.com/covid19/
City,Richmond,"226,841",Human Resources ,Tele-working Policy for C-19,Yes,http://www.richmondgov.com/covid19/
City,Richmond,"226,841",Operations ,In-Person Meetings,None,http://www.richmondgov.com/covid19/
City,Richmond,"226,841",Operations ,Libraries,All library locations and book drops closed until further notice,http://www.richmondgov.com/covid19/
City,Richmond,"226,841",Operations ,Municipal Building Open,Closed to public until 4/12,http://www.richmondgov.com/covid19/
City,Richmond,"226,841",Operations ,Office Hours,Closed to Public until 4/12,http://www.richmondgov.com/covid19/
City,Richmond,"226,841",Operations ,Parks & Recreation,"Parks and trails are open; community, dog parks, playgrounds, and courts are closed; No swimming, sunbathing, or gathering in groups at the James River",http://www.richmondgov.com/covid19/
City,Richmond,"226,841",Operations ,Public Transportation,"GRTC: Normal service; fare collection suspended, including CARE until further notice",http://www.richmondgov.com/covid19/
City,Richmond,"226,841",Operations ,Trash/Recycling Collection,Operating as normal,http://www.richmondgov.com/covid19/
City,Richmond,"226,841",Operations ,Utilities,Emergency services only; no disconnections,http://www.richmondgov.com/covid19/
City,Richmond,"226,841",Operations ,Virtual Meetings,Yes,http://www.richmondgov.com/covid19/
City,Richmond,"226,841",Small Business/ED,Parking Changes,No time violations enforced; only illegal parking enforced,http://www.richmondgov.com/covid19/
City,Roanoke,"99,348",Governance,Council/Board of Supervisors,"Yes, public comment online",https://www.roanokeva.gov/2566/Coronavirus-COVID-19
City,Roanoke,"99,348",Governance,Other Boards/Commissions,Cancelled,https://www.roanokeva.gov/2566/Coronavirus-COVID-19
City,Roanoke,"99,348",Human Resources ,Tele-working Policy for C-19,Employees still report as normal,https://www.roanokeva.gov/2566/Coronavirus-COVID-19
City,Roanoke,"99,348",Operations ,In-Person Meetings,Yes,https://www.roanokeva.gov/2566/Coronavirus-COVID-19
City,Roanoke,"99,348",Operations ,Libraries,All locations are closed; book drops remain available,https://www.roanokeva.gov/2566/Coronavirus-COVID-19
City,Roanoke,"99,348",Operations ,Municipal Building Open,Closed to public until 3/31,https://www.roanokeva.gov/2566/Coronavirus-COVID-19
City,Roanoke,"99,348",Operations ,Office Hours,Closed to public until 3/31,https://www.roanokeva.gov/2566/Coronavirus-COVID-19
City,Roanoke,"99,348",Operations ,Parks & Recreation,"City greenways are closed, other parks are open",https://www.roanokeva.gov/2566/Coronavirus-COVID-19
City,Roanoke,"99,348",Operations ,Public Transportation,Suspending the Smartway Express Route; fare collections suspended,https://www.roanokeva.gov/2566/Coronavirus-COVID-19
City,Roanoke,"99,348",Operations ,Trash/Recycling Collection,Operating as normal; Transfer stations closed to residents,https://www.roanokeva.gov/2566/Coronavirus-COVID-19
City,Roanoke,"99,348",Operations ,Utilities,Suspension of disconnections,https://www.roanokeva.gov/2566/Coronavirus-COVID-19
City,Roanoke,"99,348",Operations ,Virtual Meetings,Yes,https://www.roanokeva.gov/2566/Coronavirus-COVID-19
City,Roanoke,"99,348",Planning & Zoning,"Temporary Permits for signage, etc.",Permits and plan reviews will be handled remotely; inspection and code enforcement will continue w/ social distance ,https://www.roanokeva.gov/2566/Coronavirus-COVID-19
County,Stafford County,"151,689",Governance,Council/Board of Supervisors,"Some cancellations, closed to public",https://staffordcountyva.gov/2119/COVID-19-Coronavirus
County,Stafford County,"151,689",Governance,Other Boards/Commissions,Cancelled/postponed,https://staffordcountyva.gov/2119/COVID-19-Coronavirus
County,Stafford County,"151,689",Human Resources ,Tele-working Policy for C-19,Yes,https://staffordcountyva.gov/2119/COVID-19-Coronavirus
County,Stafford County,"151,689",Operations ,In-Person Meetings,Yes,https://staffordcountyva.gov/2119/COVID-19-Coronavirus
County,Stafford County,"151,689",Operations ,Libraries,Locations and book drops closed until 4/23,https://staffordcountyva.gov/2119/COVID-19-Coronavirus
County,Stafford County,"151,689",Operations ,Municipal Building Open,Closed to public until further notice,https://staffordcountyva.gov/2119/COVID-19-Coronavirus
County,Stafford County,"151,689",Operations ,Office Hours,Closed to public until further notice,https://staffordcountyva.gov/2119/COVID-19-Coronavirus
County,Stafford County,"151,689",Operations ,Parks & Recreation,"Parks and trails are open; restrooms, pavilions, playgrounds closed",https://staffordcountyva.gov/2119/COVID-19-Coronavirus
County,Stafford County,"151,689",Operations ,Public Transportation,Operating on modified schedule,https://staffordcountyva.gov/2119/COVID-19-Coronavirus
County,Stafford County,"151,689",Operations ,Trash/Recycling Collection,Landfills have reduced hours; closed Sundays and Mondays,https://staffordcountyva.gov/2119/COVID-19-Coronavirus
County,Stafford County,"151,689",Operations ,Utilities,Suspension of disconnections,https://staffordcountyva.gov/2119/COVID-19-Coronavirus
County,Stafford County,"151,689",Operations ,Virtual Meetings,Yes,https://staffordcountyva.gov/2119/COVID-19-Coronavirus
County,Stafford County,"151,689",Planning & Zoning,"Temporary Permits for signage, etc.","Submit online or by mail, drop-off by appointment only",https://staffordcountyva.gov/2119/COVID-19-Coronavirus
City,Staunton,"24,971",Budget & Finance,Change to Lodging Tax,Suspend interest and penalties from Feb. to May,
City,Staunton,"24,971",Budget & Finance,Change to Meals Tax,Suspend interest and penalties from Feb. to May,
City,Staunton,"24,971",Governance,Council/Board of Supervisors,Virtual,https://www.ci.staunton.va.us/departments/city-manager/covid-19-info
City,Staunton,"24,971",Governance,Other Boards/Commissions,Cancelled,https://www.ci.staunton.va.us/departments/city-manager/covid-19-info
City,Staunton,"24,971",Human Resources ,Tele-working Policy for C-19,Yes,https://www.ci.staunton.va.us/departments/city-manager/covid-19-info
City,Staunton,"24,971",Operations ,In-Person Meetings,None,https://www.ci.staunton.va.us/departments/city-manager/covid-19-info
City,Staunton,"24,971",Operations ,Libraries,All locations and curbside services closed until April 15,https://www.ci.staunton.va.us/departments/city-manager/covid-19-info
City,Staunton,"24,971",Operations ,Municipal Building Open,Closed to public until further notice,https://www.ci.staunton.va.us/departments/city-manager/covid-19-info
City,Staunton,"24,971",Operations ,Office Hours,Closed to public until further notice,https://www.ci.staunton.va.us/departments/city-manager/covid-19-info
City,Staunton,"24,971",Operations ,Parks & Recreation,"City parks remain open; Playgrounds, community centers and restrooms are closed",https://www.ci.staunton.va.us/departments/city-manager/covid-19-info
City,Staunton,"24,971",Operations ,Public Transportation,"Normal service, fare collection suspended",https://www.ci.staunton.va.us/departments/city-manager/covid-19-info
City,Staunton,"24,971",Operations ,Trash/Recycling Collection,Operating as normal,https://www.ci.staunton.va.us/departments/city-manager/covid-19-info
City,Staunton,"24,971",Operations ,Utilities,Suspension of disconnections; suspend interest and penalties for late payments,https://www.ci.staunton.va.us/departments/city-manager/covid-19-info
City,Staunton,"24,971",Operations ,Virtual Meetings,Yes,https://www.ci.staunton.va.us/departments/city-manager/covid-19-info
City,Staunton,"24,971",Planning & Zoning,"Temporary Permits for signage, etc.",Applications submitted by mail only; inspections limited to imminent safety complaints first,https://www.ci.staunton.va.us/departments/city-manager/covid-19-info
City,Staunton,"24,971",Small Business/ED,Parking Changes,Discontinuation of parking fees in public parking garages and lots,https://www.ci.staunton.va.us/departments/city-manager/covid-19-info
